,Unnamed: 0,name,Stop_Name,Bus_Stop_Type,latitude,longitude,val_shelter,val_sign,val_seating,val_trash,val_exist,val_year,Unnamed: 12,Unnamed: 13,latitude_res,longitude_res,date,sign,shelter,trash,seating
3,1202,900571,PEACHTREE RD@3171,Bench,33.840947,-84.375471,0.0,1.0,0.0,0.0,3,2023.0,0,0,33.84094700000003,-84.37547099999995,2023-01,0.0,0.576,0.0,0.0
4,1203,900637,PEACHTREE RD NW@PEACHTREE AVE,Bench,33.834173,-84.382922,0.0,1.0,1.0,1.0,3,2024.0,0,0,33.83417300000008,-84.38292199999995,2024-12,0.0,0.0,0.852,0.845
5,1204,900638,PEACHTREE RD NW@SHERIDAN,Sign Strapped to Pole,33.833595,-84.383653,0.0,1.0,0.0,0.0,1,2024.0,0,0,33.83359500000006,-84.38365299999998,2024-07,0.0,0.0,0.0,0.533
21,1223,900784,PEACHTREE ST @ LUCKIE ST,Sign Strapped to Pole,33.756571,-84.38841,0.0,1.0,0.0,0.0,1,2025.0,0,0,33.756571000000065,-84.38840999999996,2025-03,0.0,0.0,0.0,0.686
58,1260,901009,CAMERON M ALEXANDER BLVD @ JAMES P BRAWLEY DR,Shelter,33.76818,-84.412688,1.0,1.0,1.0,1.0,1,2022.0,0,0,33.76818000000003,-84.41268799999995,2022-02,0.0,0.924,0.867,0.834
73,1275,901056,WESTVIEW DR SW @ WESTVIEW PL SW,Shelter,33.74735,-84.434525,1.0,1.0,1.0,1.0,3,2019.0,0,0,33.74735000000004,-84.43452499999995,2019-08,0.0,0.929,0.861,0.891
74,1276,901060,RALPH D ABERNATH BLVD @ CENTRAL AVE,Sign Strapped to Pole,33.736936,-84.393252,0.0,1.0,0.0,0.0,1,2025.0,0,0,33.73693600000007,-84.39325199999996,2025-03,0.0,0.0,0.0,0.891
75,1277,901071,RALPH MCGILL BLVD NE @ ASHLEY AVE NE,Sign on Post,33.765853,-84.363518,0.0,1.0,1.0,0.0,1,2025.0,0,0,33.76585300000005,-84.36351799999994,2025-03,0.0,0.0,0.0,0.841
88,1292,901148,RALPH MCGILL BLVD NE@COURTLAND ST,Sign Strapped to Pole,33.76432,-84.38319,0.0,1.0,0.0,0.0,1,2025.0,0,0,33.764320000000055,-84.38318999999996,2025-03,0.0,0.465,0.0,0.0
105,1310,901272,JOHN LEWIS FREEDOM PKWY NE @ CARTER CENTER ENTR,Shelter,33.76878,-84.354698,1.0,1.0,1.0,1.0,1,2025.0,0,0,33.76878000000005,-84.35469799999998,0,0.0,0.0,0.0,0.0
112,1318,901350,JOSEPH E BOONE BLVD @ SCIPLE TER NW,Bench,33.763531,-84.415014,0.0,1.0,1.0,0.0,3,2025.0,0,0,33.76353100000006,-84.41501399999999,2025-01,0.0,0.901,0.865,0.0
116,1322,901355,JOSEPH E BOONE BLVD NW @ GRIFFIN ST NW,Shelter,33.763241,-84.411346,1.0,1.0,1.0,1.0,1,2025.0,0,0,33.76324100000005,-84.41134599999998,2025-01,0.0,0.923,0.0,0.868
131,1338,901703,PIEDMONT RD NE @ E PACES FERRY RD NE,Shelter,33.838752,-84.368854,1.0,1.0,1.0,1.0,2,2024.0,0,0,33.838752000000056,-84.36885399999994,2024-12,0.0,0.913,0.84,0.767
148,1357,901762,PEACHTREE RD NE @ E SHADOWLAWN AVE,Sign on Post,33.841644,-84.37426,0.0,1.0,0.0,0.0,1,2024.0,0,0,33.84164400000003,-84.37425999999994,0,0.0,0.0,0.0,0.0
149,1358,901763,PEACHTREE RD NW @ 3180,Sign on Post,33.841171,-84.375565,0.0,1.0,0.0,0.0,1,2024.0,0,0,33.84117100000003,-84.37556499999994,0,0.0,0.0,0.0,0.0
152,1361,901766,PEACHTREE RD @ BUCKHEAD AVE NE,Shelter,33.838535,-84.380803,1.0,1.0,1.0,1.0,3,2024.0,0,0,33.83853500000004,-84.38080299999996,2024-12,0.0,0.915,0.818,0.826
158,1367,901858,DEKALB INDUSTRIAL WAY @ 685,Sign on Post,33.797115,-84.279093,0.0,1.0,0.0,0.0,2,2024.0,0,0,33.79711500000008,-84.27909299999999,0,0.0,0.0,0.0,0.0
159,1368,901859,DEKALB INDUSTRIAL WAY @ 751,Shelter,33.798619,-84.27993,1.0,1.0,1.0,1.0,3,2024.0,0,0,33.79861900000003,-84.27992999999998,2024-07,0.0,0.872,0.676,0.692
183,1393,902455,PEACHTREE ST @ BUFORD SPRING CONN,Shelter,33.798102,-84.390793,1.0,1.0,1.0,1.0,3,2024.0,0,0,33.79810200000003,-84.39079299999997,2025-10,0.0,0.907,0.797,0.835
189,1400,902491,PEACHTREE ST NE@W PEACHTREE ST NW,Sign Strapped to Pole,33.794458,-84.387505,0.0,1.0,0.0,0.0,1,2025.0,0,0,33.79445800000008,-84.38750499999998,0,0.0,0.0,0.0,0.0
192,1403,902513,PEACHTREE RD @ PHARR RD NE,Shelter,33.836966,-84.381379,1.0,1.0,1.0,1.0,3,2024.0,0,0,33.836966000000075,-84.38137899999998,2025-03,0.0,0.898,0.724,0.759
193,1404,902514,15TH ST NE @ ARTS CENTER WAY NE,Shelter,33.788298,-84.38568,1.0,1.0,1.0,1.0,2,2024.0,0,0,33.788298000000054,-84.38567999999998,2024-09,0.0,0.0,0.598,0.0
196,1407,902517,PEACHTREE ST NE@SPRING ST NW,Sign Strapped to Pole,33.797304,-84.388911,0.0,1.0,0.0,0.0,1,2025.0,0,0,33.797304000000054,-84.38891099999995,2024-07,0.0,0.0,0.0,0.661
209,1420,902653,HAYNES BRIDGE RD @ WESTSIDE PKWY,Sign on Post,34.061055,-84.289146,0.0,1.0,0.0,0.0,1,2024.0,0,0,34.06105500000007,-84.28914599999996,2024-03,0.0,0.381,0.617,0.0
221,1432,902706,S MAIN ST @ JANIS LN,Sign on Post,34.069839,-84.29787,0.0,1.0,0.0,0.0,3,2023.0,0,0,34.06983900000006,-84.29786999999999,2023-09,0.0,0.0,0.456,0.0
227,1438,902726,ASHFORD DUNWOODY RD@ASHFORD PKY,Sign on Post,33.93416,-84.337574,0.0,1.0,0.0,0.0,3,2024.0,0,0,33.93416000000008,-84.33757399999996,2024-06,0.0,0.857,0.629,0.257
230,1902,904978,2ND AVE @ E LAKE DR,Sign on Post,33.759859,-84.310582,0.0,1.0,0.0,0.0,3,2018.0,0,0,33.75985900000006,-84.31058199999995,2024-06,0.0,0.0,0.0,0.666
241,1913,905000,MONROE DR NE @ VIRGINIA AVE NE,Shelter,33.78,-84.36912,1.0,1.0,1.0,1.0,3,2025.0,0,0,33.78000000000003,-84.36911999999995,2024-11,0.0,0.918,0.84,0.871
260,1933,905074,COMMERCE DR @ W TRINITY PL,Sign on Post,33.772485,-84.298931,0.0,1.0,1.0,0.0,1,2022.0,0,0,33.772485000000074,-84.29893099999998,2022-08,0.0,0.0,0.0,0.886
268,1941,905093,COLUMBIA DR@DERRYDOWN WAY,Sign on Post,33.768123,-84.284122,0.0,1.0,0.0,0.0,2,2025.0,0,0,33.76812300000006,-84.28412199999997,0,0.0,0.0,0.0,0.0
273,1947,905102,CLAIREMONT AVE @ MICHIGAN AVE,Sign on Post,33.781943,-84.299105,0.0,1.0,0.0,0.0,1,2024.0,0,0,33.78194300000007,-84.29910499999994,2024-06,0.0,0.0,0.0,0.651
309,1983,905526,PIEDMONT RD NE @ PEACHTREE RD NE,Shelter,33.844399,-84.371807,1.0,1.0,1.0,1.0,1,2024.0,Obstruction,0,33.84439900000007,-84.37180699999999,2024-12,0.0,0.764,0.0,0.0
310,1984,905552,N DECATUR RD @ BLACKMON DR,Shelter,33.792812,-84.288342,1.0,1.0,1.0,1.0,3,2024.0,0,0,33.792812000000026,-84.28834199999994,2025-11,0.0,0.925,0.882,0.884
312,1986,905554,WINN WAY @ 440,Shelter,33.786535,-84.279414,1.0,1.0,1.0,1.0,3,2024.0,0,0,33.78653500000007,-84.27941399999997,2025-11,0.0,0.921,0.862,0.857
327,2001,905790,CHURCH ST @ 1438,Shelter,33.789568,-84.287683,1.0,1.0,1.0,1.0,3,2020.0,0,0,33.78956800000003,-84.28768299999996,2024-06,0.0,0.894,0.566,0.0
329,2003,905792,MEMORIAL DR @ SPRING CHASE CIR,Shelter,33.790175,-84.230374,1.0,1.0,1.0,1.0,3,2024.0,0,0,33.79017500000003,-84.23037399999998,2025-10,0.0,0.901,0.842,0.754
347,2022,906006,PEACHTREE RD @ HIGHLAND DR,Sign Strapped to Pole,33.845641,-84.368791,0.0,1.0,0.0,0.0,1,2022.0,0,0,33.84564100000006,-84.36879099999999,2024-07,0.0,0.0,0.0,0.582
351,2026,906033,DEKALB INDUSTRIAL WAY@MILSCOTT DR,Shelter,33.796471,-84.278771,0.0,1.0,0.0,0.0,3,2024.0,0,0,33.796471000000054,-84.27877099999995,2024-06,0.0,0.857,0.4,0.809
352,2027,906034,ROCKBRIDGE RD@ROCKBRIDGE TRL,Sign on Post,33.786873,-84.230408,0.0,1.0,0.0,0.0,1,2024.0,0,0,33.78687300000007,-84.23040799999995,2024-07,0.0,0.797,0.0,0.0
357,2032,906304,ROSWELL RD NE @ CROMWELL RD NE,Sign on Post,33.929142,-84.379456,0.0,1.0,0.0,0.0,1,2024.0,0,0,33.92914200000007,-84.37945599999995,2024-11,0.0,0.857,0.0,0.64
359,2034,906308,ROSWELL RD NE@HAMMOND DR NE,Sign on Post,33.918624,-84.378939,0.0,1.0,0.0,1.0,1,2024.0,Asymmetrical,0,33.91862400000008,-84.37893899999995,2024-06,0.0,0.914,0.874,0.837
364,2039,906327,CHARLES ALLEN DR @ 10TH ST,Sign on Post,33.781361,-84.37278,0.0,1.0,0.0,0.0,1,2025.0,0,0,33.78136100000006,-84.37277999999998,2025-03,0.0,0.804,0.0,0.316
371,2046,906360,ROSWELL RD NE @ 6509,Sign on Post,33.934417,-84.379717,0.0,1.0,0.0,0.0,1,2024.0,0,0,33.93441700000005,-84.37971699999997,0,0.0,0.0,0.0,0.0
372,2047,906361,ROSWELL RD NE @ CLIFTWOOD DR NE,Shelter,33.916242,-84.379236,0.0,1.0,1.0,0.0,1,2023.0,Weird,0,33.91624200000007,-84.37923599999993,2024-06,0.0,0.901,0.0,0.472
379,2055,907683,RALPH D ABERNATHY BLVD SW @ MCDANIEL ST SW,Sign on Post,33.736927,-84.401359,0.0,1.0,0.0,0.0,3,2025.0,0,0,33.73692700000004,-84.40135899999996,2007-10,0.0,0.0,0.0,0.533
382,1440,902728,ASHFORD DUNWOODY RD@VALLEY VIEW RD,Shelter,33.936201,-84.337755,1.0,1.0,1.0,1.0,3,2021.0,0,0,33.93620100000004,-84.33775499999996,0,0.0,0.0,0.0,0.0
385,1443,902735,NORTH POINT PKWY @ 6440,Sign on Post,34.045281,-84.293695,0.0,1.0,0.0,0.0,3,2021.0,0,0,34.045281000000045,-84.29369499999996,0,0.0,0.0,0.0,0.0
388,1446,902751,ROSWELL RD NE @ HAMMOND DR NE,Shelter,33.918569,-84.379175,1.0,1.0,1.0,1.0,1,2024.0,Perpendicular,0,33.91856900000005,-84.37917499999998,2024-06,0.0,0.92,0.887,0.833
396,1455,902816,HAMMOND DR NE @ CONCOURSE PKWY,Shelter,33.9189,-84.354671,1.0,1.0,1.0,1.0,2,2024.0,0,0,33.918900000000065,-84.35467099999994,2024-07,0.0,0.913,0.854,0.84
397,1457,902820,NORTH POINT PKWY @ NORTH POINT CT,Sign on Post,34.047736,-84.288493,0.0,1.0,0.0,0.0,2,2021.0,0,0,34.04773600000004,-84.28849299999996,2023-09,0.0,0.89,0.734,0.721
422,1484,902999,HAMMOND DR NE @ PEACHTREE DUNWOODY RD,Shelter,33.918901,-84.349888,1.0,1.0,1.0,1.0,2,2024.0,0,0,33.91890100000006,-84.34988799999996,2024-07,0.0,0.908,0.856,0.858
423,1485,903004,ASHFORD DUNWOODY RD @ ASHFORD CTR N,Shelter,33.941633,-84.338323,1.0,1.0,1.0,1.0,3,2024.0,0,0,33.941633000000024,-84.33832299999995,2024-12,0.0,0.895,0.496,0.724
424,1486,903005,ASHFORD DUNWOODY RD@ASHFORD GABLES,Shelter,33.936667,-84.338028,1.0,1.0,1.0,1.0,1,2022.0,0,0,33.93666700000006,-84.33802799999995,2022-09,0.0,0.751,0.0,0.0
425,1487,903006,ASHFORD DUNWOODY RD@ASHWOOD PKWY,Shelter,33.933861,-84.33788,1.0,1.0,1.0,1.0,2,2021.0,0,0,33.93386100000004,-84.33787999999998,2022-03,0.0,0.923,0.0,0.57
485,1552,903580,DEKALB INDUSTRIAL WAY @ MILSCOTT DR,Sign on Post,33.79623,-84.27808,0.0,1.0,0.0,0.0,3,2024.0,0,0,33.79623000000004,-84.27807999999999,2021-02,0.0,0.802,0.0,0.667
487,1554,903584,N DECATUR RD @ 3711,Sign on Post,33.785746,-84.243188,0.0,1.0,0.0,0.0,2,2024.0,0,0,33.785746000000074,-84.24318799999998,0,0.0,0.0,0.0,0.0
495,1562,903612,DEKALB INDUSTRIAL WAY @ N DECATUR RD,Shelter,33.794455,-84.276614,1.0,1.0,1.0,1.0,2,2024.0,Captured by individual,0,33.79445500000003,-84.27661399999994,2024-06,0.0,0.903,0.832,0.877
496,1563,903614,N DECATUR RD @ CLAIRMONT CIR,Sign on Post,33.79097,-84.30139,0.0,1.0,0.0,0.0,3,2024.0,Captured by individual,0,33.79097000000007,-84.30138999999997,2022-08,0.0,0.0,0.0,0.495
499,1566,903622,N DECATUR RD @ WENDAN DR,Sign on Post,33.79268,-84.29674,0.0,1.0,0.0,0.0,1,2024.0,Captured by individual,0,33.792680000000075,-84.29673999999994,2022-08,0.0,0.0,0.738,0.0
503,1570,903658,N DECATUR RD @ PARKDALE DR,Shelter,33.791259,-84.256288,1.0,1.0,1.0,1.0,2,2012.0,0,0,33.791259000000025,-84.25628799999998,2022-03,0.0,0.906,0.863,0.853
515,1583,903821,N INDIAN CREEK DR @ MILLIGAN DR,Shelter,33.790079,-84.236037,1.0,1.0,1.0,1.0,3,2024.0,0,0,33.79007900000005,-84.23603699999995,2024-07,0.0,0.808,0.352,0.328
518,1586,903827,E PONCE DE LEON AVE @ LAREDO DR,Shelter,33.785229,-84.268987,1.0,1.0,1.0,1.0,3,2024.0,0,0,33.78522900000007,-84.26898699999998,2024-11,0.0,0.908,0.87,0.75
521,1589,903833,MEMORIAL DR @ MOUNTAIN VIEW DR,Bench,33.806207,-84.187109,0.0,1.0,1.0,0.0,3,2023.0,0,0,33.80620700000003,-84.18710899999996,2025-12,0.0,0.0,0.0,0.419
528,1596,903907,N DECATUR RD @ 3799,Shelter,33.785608,-84.238729,1.0,1.0,1.0,1.0,1,2024.0,0,0,33.785608000000025,-84.23872899999998,0,0.0,0.0,0.0,0.0
541,1610,904007,N INDIAN CREEK DR @ INDIAN CREEK LN,Shelter,33.793877,-84.236251,1.0,1.0,1.0,1.0,3,2024.0,0,0,33.793877000000066,-84.23625099999998,2024-07,0.0,0.921,0.853,0.885
552,1621,904102,W MOUNTAIN ST @ SEXTON DR,Shelter,33.806518,-84.178068,1.0,1.0,1.0,1.0,3,2022.0,0,0,33.80651800000004,-84.17806799999994,2022-02,0.0,0.887,0.804,0.771
555,1624,904160,DEKALB INDUSTRIAL WAY @ STRATFORD CMNS,Bench,33.791833,-84.276029,0.0,1.0,1.0,0.0,1,2024.0,0,0,33.791833000000054,-84.27602899999994,2024-07,0.0,0.864,0.468,0.7
557,1626,904180,N DECATUR RD @ N INDIAN CREEK DR,Shelter,33.785697,-84.237946,1.0,1.0,1.0,1.0,2,2024.0,0,0,33.78569700000003,-84.23794599999997,2024-07,0.0,0.726,0.0,0.0
558,1627,904186,N DECATUR RD @ 3770,Bench,33.785858,-84.241158,0.0,1.0,1.0,1.0,1,2021.0,0,0,33.78585800000008,-84.24115799999998,2021-12,0.0,0.0,0.0,0.913
559,1628,904190,MEMORIAL DR @ ROCKBRIDGE RD,Shelter,33.786204,-84.234411,1.0,1.0,1.0,1.0,3,2024.0,0,0,33.786204000000055,-84.23441099999997,2025-10,0.0,0.909,0.0,0.789
560,1629,904191,MEMORIAL DR @ ROCKBRIDGE RD,Sign Strapped to Pole,33.785122,-84.234782,0.0,1.0,0.0,0.0,3,2022.0,0,0,33.78512200000006,-84.23478199999994,2022-01,0.0,0.0,0.399,0.842
581,1650,904272,N HIGHLAND AVE NE @ BLUE RIDGE AVE,Sign on Post,33.772171,-84.352325,0.0,1.0,0.0,0.0,2,2025.0,0,0,33.77217100000007,-84.35232499999995,2024-07,0.0,0.778,0.0,0.0
585,1654,904278,COMMERCE DR @ W HOWARD AVE,Sign on Post,33.76919,-84.29957,0.0,1.0,0.0,0.0,3,2024.0,0,0,33.76919000000004,-84.29956999999996,0,0.0,0.0,0.0,0.0
630,1702,904412,PONCE DE LEON AVE NE @ DURANT PL NE,Sign on Post,33.772436,-84.376255,0.0,1.0,0.0,0.0,3,2025.0,0,0,33.77243600000003,-84.37625499999996,2025-12,0.0,0.693,0.288,0.542
648,1721,904481,N HIGHLAND AVE N@SAINT CHARLES AVE,Sign Strapped to Pole,33.775618,-84.352642,0.0,1.0,0.0,0.0,2,2024.0,0,0,33.775618000000065,-84.35264199999995,2024-07,0.0,0.0,0.0,0.533
663,1736,904528,PONCE DE LEON AVE NE @ BONAVENTURE AVE,Sign on Post,33.77396,-84.360657,0.0,1.0,0.0,0.0,2,2025.0,0,0,33.773960000000045,-84.36065699999995,2025-04,0.0,0.709,0.0,0.0
667,1740,904532,PONCE DE LEON AVE @ N HIGHLAND AVE NE,Shelter,33.773849,-84.352322,1.0,1.0,1.0,1.0,2,2021.0,Mosaic,0,33.77384900000004,-84.35232199999996,2021-12,0.0,0.923,0.876,0.894
670,1743,904539,MARIETTA ST NW @ NORTHSIDE DR NW,Shelter,33.775792,-84.406901,1.0,1.0,1.0,1.0,3,2025.0,0,0,33.775792000000024,-84.40690099999995,2025-01,0.0,0.0,0.0,0.631
674,1747,904544,N HIGHLAND AVE NE @ DREWRY ST NE,Sign on Post,33.777931,-84.352519,0.0,1.0,0.0,0.0,1,2025.0,Inside building,occlusions,33.777931000000024,-84.35251899999997,0,0.0,0.0,0.0,0.0
678,1751,904554,NORTH AVE @ CHERRY ST,Sign Strapped to Pole,33.771342,-84.395446,0.0,1.0,0.0,0.0,1,2023.0,0,0,33.77134200000006,-84.39544599999994,0,0.0,0.0,0.0,0.0
695,1769,904634,MONROE DR NE @ SAINT CHARLES AVE NE,Sign on Post,33.775192,-84.370598,0.0,1.0,0.0,0.0,3,2025.0,Perpendicular,0,33.77519200000006,-84.37059799999997,0,0.0,0.0,0.0,0.0
706,1781,904668,10TH ST NW @ HEMPHILL AVE NW,Shelter,33.781478,-84.403496,1.0,1.0,1.0,1.0,3,2025.0,0,0,33.78147800000005,-84.40349599999996,2025-01,0.0,0.891,0.0,0.827
721,1797,904716,10TH ST@BRADY AVE,Sign on Post,33.781625,-84.413197,0.0,1.0,0.0,0.0,3,2024.0,Small chair,0,33.78162500000008,-84.41319699999997,2025-01,0.0,0.0,0.0,0.776
726,1802,904738,S MCDONOUGH ST@BENSON ST,Sign on Post,33.760578,-84.296288,0.0,1.0,0.0,0.0,1,2023.0,Mosaic,0,33.760578000000066,-84.29628799999995,0,0.0,0.0,0.0,0.0
728,1804,904740,S MCDONOUGH ST@DAVIS ST,Sign on Post,33.762993,-84.296219,0.0,1.0,0.0,0.0,1,2023.0,0,0,33.76299300000005,-84.29621899999995,2023-01,0.0,0.0,0.0,0.536
730,1806,904742,COMMERCE DR @ BEAUMONT AVE,Sign on Post,33.777492,-84.29869,0.0,1.0,0.0,0.0,3,2024.0,0,0,33.77749200000005,-84.29868999999997,2024-07,0.0,0.0,0.0,0.775
743,1821,904766,DONALD L HOLLOWELL PKWY @ LINDSAY ST,Shelter,33.77301,-84.416565,1.0,1.0,1.0,1.0,1,2025.0,0,0,33.773010000000056,-84.41656499999993,2025-01,0.0,0.821,0.0,0.0
746,1824,904770,VIRGINIA AVE NE@GREENCOVE AVE NE,Sign on Post,33.781929,-84.360307,0.0,1.0,0.0,0.0,1,2022.0,occlusions,0,33.78192900000005,-84.36030699999998,0,0.0,0.0,0.0,0.0
752,1830,904786,10TH ST NW @ NORTHSIDE DR NW,Shelter,33.781501,-84.407777,1.0,1.0,1.0,1.0,3,2024.0,0,0,33.78150100000005,-84.40777699999995,2025-01,0.0,0.906,0.0,0.465
761,1839,904820,N ARCADIA AVE @ E PONCE DE LEON AVE,Sign on Post,33.777575,-84.28062,0.0,1.0,0.0,0.0,1,2022.0,0,0,33.77757500000007,-84.28061999999994,2022-01,0.0,0.0,0.0,0.642
762,1840,904824,W TRINITY PL @ COMMERCE DR,Shelter,33.773634,-84.297897,1.0,1.0,1.0,1.0,2,2024.0,0,0,33.77363400000007,-84.29789699999998,2024-07,0.0,0.92,0.873,0.834
780,1858,904857,CHURCH ST @ LUCERNE ST,Sign on Post,33.78431,-84.29394,0.0,1.0,0.0,0.0,1,2022.0,0,0,33.78431000000006,-84.29393999999996,2022-08,0.0,0.0,0.0,0.74
783,1861,904860,COMMERCE DR @ CLAIREMONT AVE,Sign on Post,33.777996,-84.297453,0.0,1.0,0.0,0.0,3,2024.0,0,0,33.77799600000003,-84.29745299999996,2024-07,0.0,0.0,0.773,0.404
788,1866,904882,MONROE DR NE @ 8TH ST NE,Shelter,33.779959,-84.369371,1.0,1.0,1.0,1.0,3,2024.0,0,0,33.77995900000008,-84.36937099999994,2024-11,0.0,0.914,0.835,0.889
906,93,101133,MARTIN L KING JR DR NW @ PASCHAL BLVD SW,Shelter,33.754779,-84.414293,1.0,1.0,1.0,1.0,3,2025.0,0,0,33.75477900000004,-84.41429299999999,2025-01,0.0,0.921,0.857,0.878
916,105,101460,MCDANIEL ST SW @ WHITEHALL ST SW,Shelter,33.743458,-84.40377,1.0,1.0,1.0,1.0,1,2025.0,0,0,33.74345800000003,-84.40376999999995,2025-11,0.0,0.915,0.0,0.753
919,109,102005,MEMORIAL DR SE @ CAPITOL AVE,Sign Strapped to Pole,33.746845,-84.386727,1.0,1.0,1.0,1.0,2,2025.0,Sign is not visible Clearly,0,33.746845000000064,-84.38672699999995,2025-11,0.0,0.907,0.813,0.824
929,119,102054,CENTRAL AVE SW @ ALICE ST SW,Shelter,33.742935,-84.393322,1.0,1.0,1.0,1.0,3,2025.0,0,0,33.742935000000045,-84.39332199999996,2025-03,0.0,0.911,0.851,0.842
943,137,102294,FORSYTH ST @ MARTIN L KING JR DR,Sign Strapped to Pole,33.752547,-84.393592,0.0,1.0,0.0,0.0,3,2025.0,0,0,33.75254700000005,-84.39359199999996,2025-12,0.0,0.0,0.0,0.431
946,140,102310,PEACHTREE ST NE @ EDGEWOOD AVE SE,Sign Strapped to Pole,33.754637,-84.389637,0.0,1.0,0.0,0.0,3,2025.0,0,0,33.75463700000006,-84.38963699999994,2025-03,0.0,0.806,0.0,0.763
977,179,104076,MEMORIAL DR SE @ PEARL ST SE,Shelter,33.746695,-84.361935,1.0,1.0,1.0,1.0,3,2025.0,0,0,33.746695000000045,-84.36193499999996,2025-01,0.0,0.939,0.903,0.894
978,180,104078,MEMORIAL DR SE @ PEARL ST SE,Sign on Post,33.746591,-84.361791,0.0,1.0,0.0,0.0,3,2025.0,0,0,33.74659100000002,-84.36179099999998,2025-01,0.0,0.939,0.89,0.906
1030,233,105302,LA FRANCE ST @ WHITEFOORD AVE,Sign on Post,33.760443,-84.342532,0.0,1.0,0.0,0.0,1,2017.0,0,0,33.760443000000066,-84.34253199999995,0,0.0,0.0,0.0,0.0
1037,240,105383,HOSEA L WILLIAMS DR SE @ WARREN ST SE,Shelter,33.753301,-84.326561,1.0,1.0,1.0,1.0,2,2022.0,Blurred,0,33.75330100000008,-84.32656099999997,2022-08,0.0,0.898,0.898,0.867
1109,315,106294,2ND AVE @ HOSEA L WILLIAMS DR,Sign on Post,33.750785,-84.309798,0.0,1.0,0.0,0.0,2,2025.0,0,0,33.750785000000064,-84.30979799999994,2025-01,0.0,0.468,0.0,0.0
1113,319,106310,2ND AVE @ 1900,Sign on Post,33.736534,-84.309692,0.0,1.0,0.0,0.0,2,2025.0,0,0,33.73653400000006,-84.30969199999998,0,0.0,0.0,0.0,0.0
1133,342,106424,MEMORIAL DR SE @ SPENCE AVE,Sign on Post,33.747322,-84.295959,0.0,1.0,0.0,0.0,1,2022.0,0,0,33.747322000000054,-84.29595899999998,2022-08,0.0,0.0,0.0,0.795
1154,364,113068,RALPH DAVID ABERNATH BLVD @ PEEPLES S,Sign on Post,33.73811,-84.420235,0.0,1.0,0.0,0.0,2,2025.0,0,0,33.73811000000006,-84.42023499999993,2025-02,0.0,0.433,0.0,0.0
1168,379,113116,RALPH D ABERNATHY BLVD SW @ PEEPLES ST,Bench,33.738,-84.420632,0.0,1.0,1.0,1.0,3,2025.0,0,0,33.738000000000056,-84.42063199999996,2025-02,0.0,0.0,0.869,0.868
1179,390,113166,RALPH D ABERNATHY BLVD SW @ DUNN ST SW,Shelter,33.738338,-84.416122,1.0,1.0,1.0,1.0,1,2024.0,0,0,33.738338000000056,-84.41612199999997,2025-02,0.0,0.925,0.0,0.878
1181,392,114014,RALPH D ABERNATHY BLVD @ MURPHY AVE,Sign on Post,33.738353,-84.411737,0.0,1.0,0.0,0.0,2,2024.0,0,0,33.738353000000075,-84.41173699999996,0,0.0,0.0,0.0,0.0
1185,396,114056,LEE ST @ RALPH DAVID ABERNATH BLVD,Shelter,33.738354,-84.414299,0.0,1.0,1.0,0.0,1,2025.0,Weird,0,33.73835400000007,-84.41429899999997,2025-02,0.0,0.44,0.0,0.0
1186,397,114068,METROPOLITAN PKY SW @ BROOKLINE ST SW,Sign on Post,33.727154,-84.408112,0.0,1.0,0.0,0.0,2,2025.0,0,0,33.72715400000004,-84.40811199999996,2025-02,0.0,0.895,0.89,0.725
1191,402,114082,RALPH D ABERNATHY BLVD @ W WHITEHALL ST,Shelter,33.738185,-84.413155,1.0,1.0,1.0,1.0,3,2025.0,0,0,33.738185000000044,-84.41315499999996,2025-02,0.0,0.919,0.867,0.794
1197,408,114104,METROPOLITAN PKWY SW @ BRONNER BROS WAY,Shelter,33.737442,-84.407921,1.0,1.0,1.0,1.0,2,2025.0,0,0,33.737442000000044,-84.40792099999999,2024-08,0.0,0.917,0.866,0.909
1220,435,115024,CENTRAL AVE SW @ GLENN ST SW,Sign on Post,33.738284,-84.393333,0.0,1.0,0.0,0.0,1,2025.0,0,0,33.73828400000008,-84.39333299999998,2025-03,0.0,0.0,0.0,0.665
1234,456,115138,WINDSOR ST SW @ RICHARDSON ST SW,Shelter,33.74062,-84.39824,1.0,1.0,1.0,1.0,3,2022.0,0,0,33.740620000000035,-84.39823999999999,2022-03,0.0,0.938,0.889,0.873
1290,516,117030,GLENWOOD AVE SE @ BILL KENNEDY WAY SE,Sign Strapped to Pole,33.739814,-84.357604,1.0,1.0,1.0,1.0,3,2025.0,0,0,33.739814000000024,-84.35760399999998,2025-03,0.0,0.916,0.848,0.857
1300,527,117116,MORELAND AVE SE @ GLENWOOD AVE SE,Shelter,33.739948,-84.349152,1.0,1.0,1.0,0.0,3,2025.0,0,0,33.73994800000003,-84.34915199999995,2025-05,0.0,0.931,0.0,0.894
1423,657,158008,PORSCHE AVE @ PERKINS ST,Sign on Post,33.657468,-84.406994,0.0,1.0,0.0,0.0,1,2025.0,Perpendicular,0,33.65746800000005,-84.40699399999994,2025-03,0.0,0.499,0.0,0.0
1428,662,158110,SYLVAN RD @ BAKER DR,Sign on Post,33.670184,-84.418942,0.0,1.0,0.0,0.0,1,2024.0,0,0,33.67018400000006,-84.41894199999996,2025-03,0.0,0.516,0.0,0.0
1449,683,158208,DOGWOOD DR@MARINA ST,Sign on Post,33.66248,-84.40936,0.0,1.0,0.0,0.0,2,2024.0,Obstacle,0,33.66248000000007,-84.40935999999994,2024-08,0.0,0.281,0.879,0.759
1469,704,158372,CLEVELAND AVE @ BLOUNT ST,Shelter,33.681414,-84.423572,1.0,1.0,1.0,1.0,2,2025.0,0,0,33.681414000000075,-84.42357199999998,2025-03,0.0,0.903,0.66,0.765
1473,708,158406,VIRGINIA AVE @ CLAY PL,Sign Strapped to Pole,33.658736,-84.416757,0.0,1.0,0.0,0.0,2,2015.0,0,0,33.65873600000003,-84.41675699999996,2025-03,0.0,0.0,0.0,0.853
1489,724,166078,MAIN ST @ VESTA AVE,Shelter,33.667483,-84.444567,1.0,1.0,1.0,1.0,3,2025.0,0,0,33.66748300000006,-84.44456699999995,2025-03,0.0,0.908,0.845,0.823
1491,726,166088,VIRGINIA AVE @ LEE ST,Bench,33.659044,-84.433305,0.0,1.0,0.0,0.0,2,2023.0,0,0,33.65904400000005,-84.43330499999996,2025-03,0.0,0.621,0.0,0.0
1496,731,166102,VIRGINIA AVE@ADAMS ST,Sign on Post,33.659351,-84.442101,0.0,1.0,1.0,0.0,1,2025.0,0,0,33.65935100000007,-84.44210099999998,2025-03,0.0,0.0,0.0,0.874
1531,767,210552,IVAN ALLEN JR BLVD NW @ LUCKIE ST,Sign Strapped to Pole,33.764497,-84.39566,0.0,1.0,0.0,0.0,3,2025.0,0,0,33.76449700000006,-84.39565999999996,2025-03,0.0,0.0,0.0,0.526
1564,801,210863,PERIMETER CTR PL@PERIMETER CTR W,Sign on Post,33.927368,-84.341371,0.0,1.0,0.0,0.0,1,2022.0,0,0,33.92736800000006,-84.34137099999998,0,0.0,0.0,0.0,0.0
1588,826,211124,BILL KENNEDY WAY SE @ FAITH AVE SE,Shelter,33.74199,-84.358268,1.0,1.0,1.0,1.0,3,2025.0,0,0,33.741990000000044,-84.35826799999995,2025-01,0.0,0.896,0.831,0.766
1598,836,211325,MURPHY AVE SW @ ARDEN AVE SW,Sign on Post,33.717113,-84.424758,0.0,1.0,1.0,1.0,3,2025.0,0,0,33.71711300000004,-84.42475799999994,2025-02,0.0,0.0,0.859,0.907
1602,840,211340,VIRGINIA AVE @ NORMAN BERRY DR,Shelter,33.658976,-84.428375,1.0,1.0,1.0,0.0,2,2025.0,0,0,33.65897600000005,-84.42837499999996,2025-05,0.0,0.928,0.0,0.876
1631,871,211522,VIRGINIA AVE @ DELTA BLVD,Sign Strapped to Pole,33.658874,-84.423055,0.0,1.0,0.0,0.0,3,2025.0,0,0,33.658874000000026,-84.42305499999998,2025-03,0.0,0.498,0.0,0.603
1635,875,211531,SYLVAN RD SW @ DECKNER AVE SW,Sign on Post,33.713905,-84.41818,0.0,1.0,0.0,0.0,1,2014.0,0,0,33.71390500000007,-84.41817999999995,2025-02,0.0,0.0,0.0,0.716
1637,877,211560,MEMORIAL DR @ RAYS RD,Shelter,33.798759,-84.22031,1.0,1.0,1.0,1.0,1,2024.0,0,0,33.798759000000075,-84.22030999999998,2025-11,0.0,0.849,0.0,0.487
1646,886,211600,MEMORIAL DR @ 6130,Sign Strapped to Pole,33.80526,-84.188753,0.0,1.0,0.0,0.0,2,2025.0,0,0,33.80526000000003,-84.18875299999996,2025-12,0.0,0.662,0.0,0.0
1650,890,211631,BOULEVARD SE @ DECATUR ST SE,Sign on Post,33.751609,-84.371284,0.0,1.0,0.0,0.0,1,2022.0,0,0,33.75160900000003,-84.37128399999995,0,0.0,0.0,0.0,0.0
1651,891,211632,BOULEVARD SE @ DECATUR ST SE,Sign on Post,33.751761,-84.370838,0.0,1.0,0.0,0.0,1,2025.0,0,0,33.751761000000045,-84.37083799999994,0,0.0,0.0,0.0,0.0
1652,892,211645,PEACHTREE ST @ WALL ST (FIVE POINTS STATION),Sign on Post,33.75357,-84.390377,0.0,1.0,0.0,0.0,2,2025.0,Broken,0,33.753570000000025,-84.39037699999994,2025-03,0.0,0.805,0.0,0.0
1669,909,211878,MORELAND AVE NE @ 326,Sign on Post,33.76344,-84.349285,0.0,1.0,0.0,0.0,2,2025.0,0,0,33.76344000000006,-84.34928499999995,2025-05,0.0,0.0,0.0,0.578
1710,952,212609,MT VERNON HWY NE @ GLENRIDGE DR NE,Sign on Post,33.926691,-84.367008,0.0,1.0,0.0,0.0,2,2024.0,0,0,33.92669100000006,-84.36700799999994,0,0.0,0.0,0.0,0.0
1713,955,212612,MT VERNON HWY NE @ CRESTLINE PKY NE,Sign on Post,33.930453,-84.356539,0.0,1.0,0.0,0.0,3,2022.0,0,0,33.93045300000006,-84.35653899999994,0,0.0,0.0,0.0,0.0
1727,970,212904,COMMERCE DR @ CHURCH ST,Sign on Post,33.777858,-84.295199,0.0,1.0,0.0,0.0,3,2025.0,0,0,33.77785800000004,-84.29519899999997,2025-03,0.0,0.0,0.251,0.792
1738,981,212971,EDGEWOOD AVE @ JESSE HILL JR DR,Sign Strapped to Pole,33.754451,-84.380722,0.0,1.0,0.0,0.0,2,2024.0,0,0,33.754451000000074,-84.38072199999993,2025-11,0.0,0.842,0.0,0.492
1740,983,212977,E TRINITY PL @ CHURCH ST,Shelter,33.772769,-84.295058,1.0,1.0,1.0,1.0,1,2024.0,Picture Taken by User,0,33.77276900000004,-84.29505799999998,2024-07,0.0,0.93,0.0,0.918
1811,1054,213386,14TH ST NW @ HOWELL MILL RD NW,Sign on Post,33.78585,-84.411349,0.0,1.0,0.0,0.0,3,2025.0,0,0,33.78585000000004,-84.41134899999997,2025-03,0.0,0.0,0.0,0.884
1812,1055,213387,14TH ST NW @ HOWELL MILL RD NW,Sign Strapped to Pole,33.785709,-84.411057,1.0,1.0,1.0,1.0,3,2025.0,0,0,33.785709000000054,-84.41105699999997,2025-03,0.0,0.917,0.736,0.828
1839,1083,213518,JOSEPH E LOWERY BLVD @ CUNNINGHAM PL,Bench,33.743427,-84.417498,0.0,1.0,1.0,1.0,3,2025.0,0,0,33.743427000000054,-84.41749799999997,2025-04,0.0,0.703,0.0,0.0
1855,1099,213591,IVAN ALLEN JR BLVD @ MARIETTA ST,Sign Strapped to Pole,33.764118,-84.397505,0.0,1.0,0.0,0.0,2,2024.0,0,0,33.76411800000005,-84.39750499999997,2020-03,0.0,0.0,0.0,0.781
1867,1112,213684,LAKEWOOD AVE SE @ MILTON AVE SE,Sign on Post,33.721238,-84.382877,0.0,1.0,0.0,0.0,1,2025.0,Blurred,0,33.72123800000003,-84.38287699999995,0,0.0,0.0,0.0,0.0
1875,1120,213722,GLENWOOD AVE @ 1925,Bench,33.739683,-84.32352,0.0,1.0,1.0,1.0,2,2025.0,0,0,33.73968300000007,-84.32351999999997,0,0.0,0.0,0.0,0.0
1894,1139,600032,FORSYTH ST @ ALABAMA ST (FIVE POINTS STATION),Shelter,33.753944,-84.392626,1.0,1.0,1.0,1.0,1,2025.0,0,0,33.75394400000005,-84.39262599999995,2025-03,0.0,0.866,0.0,0.291
1913,1159,900030,MOURY AVE@204,Sign Strapped to Pole,33.715561,-84.392147,0.0,1.0,0.0,0.0,3,2025.0,0,0,33.71556100000004,-84.39214699999997,2025-03,0.0,0.929,0.871,0.867
1926,1174,900134,EVA DAVIS WAY @ GREENHAVEN DR SE,Bench,33.741208,-84.314484,0.0,1.0,1.0,1.0,3,2025.0,Weird,0,33.74120800000003,-84.31448399999994,2025-01,0.0,0.91,0.0,0.755
